Probes,CarryMinati_4,CarryMinati_5,CarryMinati_1,CarryMinati_2,Xyaa_4,Xyaa_5,Xyaa_2,Xyaa_3,HikakinGames_4,HikakinGames_5,HikakinGames_1,HikakinGames_2,lilsimsie_4,lilsimsie_1,lilsimsie_3,Wolfie_4,Wolfie_5,Wolfie_2,Wolfie_3,Venetia Kamara_4,Venetia Kamara_5,Venetia Kamara_1,Venetia Kamara_3,Greekonomics_5,Greekonomics_1,Greekonomics_2,Greekonomics_3,Zeb89_5,Zeb89_1,Zeb89_2,Zeb89_3,Rotten Mango_1,Rotten Mango_3,Ivan Grieco_4,Ivan Grieco_5,Ivan Grieco_1,Ivan Grieco_2,Matteo Saudino - BarbaSophia_4,Matteo Saudino - BarbaSophia_5,Matteo Saudino - BarbaSophia_1,Matteo Saudino - BarbaSophia_3,berleezy_2,Michele Boldrin_4,Michele Boldrin_5,Michele Boldrin_1,Michele Boldrin_3,KanaChanTV_4,KanaChanTV_5,KanaChanTV_1,KanaChanTV_3,ProZD_4,ProZD_5,ProZD_1,ProZD_3,Tati_4,Tati_5,Tati_1,Tati_2,Sylvia Gani_4,Sylvia Gani_5,Sylvia Gani_2,Sylvia Gani_3,i Mikri Ollandeza_4,i Mikri Ollandeza_5,i Mikri Ollandeza_2,i Mikri Ollandeza_3,PAYAL GAMING_4,PAYAL GAMING_5,PAYAL GAMING_2,PAYAL GAMING_3,Alessandro de Concini - ADC_4,Alessandro de Concini - ADC_5,Alessandro de Concini - ADC_2,Alessandro de Concini - ADC_3,hajimesyacho_4,hajimesyacho_5,hajimesyacho_2,hajimesyacho_3,AndreaMuzii_4,AndreaMuzii_1,AndreaMuzii_3,Mary Sinatsaki_5,Mary Sinatsaki_1,Mary Sinatsaki_2,Mary Sinatsaki_3,Sissy Christidou_5,Sissy Christidou_1,Sissy Christidou_2,Sissy Christidou_3,DarioMoccia_1,DarioMoccia_2,CoryxKenshin_4,CoryxKenshin_5,CoryxKenshin_1,CoryxKenshin_2,Prince Ea_4,Prince Ea_5,Prince Ea_1,Prince Ea_3,TotalGaming093_4,TotalGaming093_5,TotalGaming093_1,TotalGaming093_3,Xureila_4,Xureila_5,Xureila_1,Xureila_3,MrRip_4,MrRip_5,MrRip_2,MrRip_3
CarryMinati_3,0.9605329754178418,0.9575566251643275,0.9677066940616541,0.9645633866299592,0.9597063592719733,0.9499367972762902,0.9420452674427965,0.9070844880198603,0.8857835404380061,0.9651880517346227,0.9596992009051187,0.9671639852154786,0.976479714127543,0.9541943338667561,0.9741326013944928,0.9747361721484111,0.9720690777128737,0.9634316266920617,0.9743798930157122,0.9367513358744544,0.9272549420332972,0.9566868132108028,0.9666777965369718,0.9531033275451735,0.950498790111364,0.9646235448891893,0.962000280844835,0.9393845135067109,0.9688685159774927,0.964627731264766,0.9641812913876533,0.960404731388467,0.9614683544035139,0.9559980831053577,0.9643963844908724,0.9613814578067299,0.9669495187447804,0.9415591227465177,0.9550770170254221,0.9601495722202452,0.91231575242672,0.9382403943187461,0.9691529979612531,0.9407873548804239,0.9612997186570369,0.9279388596945779,0.9327801250524105,0.952957223786322,0.9604834861137761,0.9324661232196146,0.951717717355963,0.9802599486308126,0.9788341281861013,0.9291941349118501,0.9608922694671025,0.9143463534084773,0.9507670907048194,0.9559601730947429,0.9578081380607574,0.9569547748048912,0.9645107109210742,0.9598411347759481,0.9552703560361058,0.9556943330719743,0.9701064764927356,0.9690634641204641,0.9673054439628527,0.9536755279867359,0.9565064818805743,0.947933882868703,0.9737809961855859,0.9563288558682155,0.9653783053871252,0.9555579334438825,0.8883459665194109,0.9253988608591917,0.9357698604299234,0.904983095534343,0.9462220679627539,0.9607076849505065,0.9664642498382481,0.9747108655660652,0.9606638755559178,0.9601671342820649,0.9427350038562932,0.9577920188893687,0.9650077081700028,0.958838076055043,0.9640399577208432,0.9599968631306747,0.966419489073997,0.9426699406792158,0.9469501894976631,0.9284965386575089,0.931150521524115,0.9718000447137933,0.9637446758791539,0.9679492795238408,0.9391626777891275,0.9499191986756524,0.941888168554867,0.9599847443056986,0.9550608728551737,0.9665816527226982,0.9684974258885898,0.9658555461414058,0.9518978477847603,0.954925452757899,0.9685967055511858,0.9672993081343813,0.9496671406839714
Xyaa_1,0.96794313472001,0.9685272519712563,0.9800647262587738,0.9843206589152202,0.9908990407755562,0.9811192679495664,0.9846522769384665,0.9477544383598155,0.9376389336552426,0.9868613761746076,0.9730727654508633,0.9813071667212132,0.9756078293363248,0.982376897103091,0.9820701230617639,0.9896359531519976,0.9902968634982106,0.9514653019614159,0.9839753395297903,0.9741313139378389,0.966795613946775,0.9869729838317495,0.9906295623143246,0.9745659528119894,0.9772231780372831,0.9766888672531846,0.9602408863954348,0.9602356873404536,0.9774482605711454,0.9816012704612743,0.9788373595491944,0.9898630565335509,0.9870490408007477,0.9521291562882929,0.9592763697952482,0.9535498468836304,0.9799038782975243,0.9516001325668072,0.9672030633775149,0.9771581102601874,0.937102742132736,0.9745756650646851,0.9802856383393992,0.9725369175732994,0.9745111506614621,0.9472589412878151,0.9833045226582537,0.9827760067969586,0.9912309532984405,0.9726050248476787,0.9809001987781563,0.9816047278262303,0.9784980531389764,0.9728551566040899,0.985578546381178,0.9414165638820018,0.9784284605561613,0.9875397313335806,0.9904563357631617,0.9884801223290982,0.9895106905752733,0.9873943884376526,0.9725539449842091,0.9781292443402758,0.9814955531353774,0.9747456048731551,0.987598584604729,0.9877835662038377,0.9795524415643677,0.980885680914939,0.9896738483875924,0.985543715839857,0.9787169628192042,0.9767827480295154,0.9573919423951402,0.9754040532186993,0.9808750643910591,0.9472335789307103,0.9713710414890611,0.9818151878963146,0.9771178868342656,0.9819685602095416,0.9892291743745905,0.9849208100638522,0.9780496650571546,0.982465308662384,0.9849997456275779,0.9860891348551155,0.9880679141879126,0.9572096678424801,0.9775287990910655,0.9564136612667747,0.9683618867770101,0.9748981053393805,0.9798954419370075,0.9774174481744691,0.9829380355360843,0.9805023243302227,0.9602856276176527,0.9876882967057117,0.9801965867527027,0.9883832175727376,0.9882087623928308,0.9848192690623161,0.9845738899675723,0.9697480131548479,0.9699369189331741,0.9608205272521508,0.983986995820799,0.9887029981375401,0.9607971008080182
HikakinGames_3,0.9675485913626221,0.9714914998234236,0.9759925240352043,0.9747103240937365,0.9687600910328071,0.963455412574839,0.9497049686447042,0.9275245079593764,0.9100052484972401,0.9852490636681204,0.9786380714350222,0.9778641559541388,0.9704324399484351,0.957648140624064,0.9743030378425741,0.9727503619452231,0.9750680053997856,0.975931342152567,0.976351610164747,0.9659205157345476,0.936531840545102,0.9672030279542785,0.9766214259784066,0.9793583732064237,0.9857899724236099,0.9886411388259552,0.9601127103644574,0.9228388081953529,0.9612293225537936,0.9786251533926638,0.9601907520724555,0.9679495863591485,0.9632505622328933,0.9505761375790612,0.9397142154614373,0.9417093414427462,0.9665893959179429,0.9378291138446124,0.9703378979066384,0.9687737452892138,0.9699210329048108,0.9655793544467044,0.9749916852910154,0.9856676294294446,0.9836382226878402,0.9784139477734058,0.9514362035606766,0.9785695774536658,0.9779375407854389,0.9558337329432043,0.9842311452110484,0.9760306370127403,0.9742539050139727,0.9397395808129702,0.967869208898029,0.9089983002270206,0.9545297976901388,0.963291958420093,0.9746647644300828,0.971074438850914,0.9719266138750304,0.9784793700599528,0.958721401860066,0.9600076312157817,0.972771326440028,0.9639784510056768,0.9792834213594883,0.9783913958307955,0.9610199343675945,0.9811519192712674,0.9645474364633237,0.980445600831303,0.9645737199576855,0.9502316593318858,0.9136202703453457,0.9511111795468414,0.9623416748690958,0.9369863585608899,0.9451073751410536,0.9620976401001262,0.9791910396915425,0.9719370902326769,0.9721219455778751,0.9709891870952156,0.9583039907518647,0.9656549840973057,0.9689750218849236,0.9671126054752043,0.9727960662382108,0.9600391672799647,0.968444069729995,0.9597820774703973,0.9487003705313501,0.9388665258449724,0.9472850451346282,0.9585205674379389,0.9729860499166489,0.9777541110633161,0.9587250909314164,0.9673538277610483,0.9630571729113471,0.9716446842882283,0.9772200857056925,0.9719594385802788,0.9688213772900418,0.951933126850798,0.9605503872669865,0.9831723471778336,0.9698210498679618,0.96374044179664,0.9812265886728864
lilsimsie_2,0.971873892053466,0.970478115812733,0.9804833306810679,0.9717292635785718,0.9876696861494123,0.9615639877415509,0.9708909270331816,0.9480885416508493,0.9031102070064592,0.9801728123964446,0.9580130666819212,0.9744953850890241,0.9726929603258703,0.9702149531447171,0.9856197551083943,0.9820191472182944,0.9866621637787321,0.9488040299679483,0.981759108957025,0.9706219042735971,0.9773173287629033,0.9936384437735701,0.9917746851125951,0.972240243721662,0.9689537271649457,0.9757496189566156,0.9518130935201456,0.9467771652979562,0.9846936520506613,0.9809180601484357,0.9842622477282457,0.9943239096452774,0.9878538515712969,0.9757092805646042,0.9684376265411168,0.9753563072793756,0.9907014737172308,0.9575474779617006,0.9651562888951982,0.9894334571427357,0.9421991821094741,0.9645466552242042,0.9891692885126543,0.9662536028759157,0.9703108026848877,0.9445161014787871,0.9598173204612714,0.9752185586598316,0.985704392944915,0.9584414936933054,0.9674548468687003,0.9835279603376731,0.9850464590097858,0.94095453419067,0.9958119967416572,0.9495527169864522,0.9894277906331148,0.9948130950037299,0.9799551060211606,0.9905041749832242,0.9908996166160047,0.9872961419327163,0.9750300084574212,0.9807842785844003,0.9856543085027092,0.9855179497200507,0.9903477821474267,0.9862376904804119,0.9837788335828423,0.9764951657167754,0.982381165279856,0.9829658160346953,0.9642951113475389,0.972754871776225,0.920456601880868,0.9547861422649784,0.9511422049982964,0.9096988326081863,0.9807383516021538,0.9885691807219493,0.967715625085119,0.9800131363395062,0.9850521899695519,0.9868992019969688,0.9834943735698977,0.9907294795178307,0.9854706150598321,0.9930471653855432,0.9889585023709846,0.9524298282038552,0.9746968382100222,0.9593242712198013,0.9489643979932036,0.9476635350608593,0.956210419374067,0.9781245401775445,0.9832526210057682,0.9783133291295532,0.9756175202897492,0.9627067593930015,0.9571981839821422,0.9768597358991751,0.9645626430884462,0.9900250267107268,0.9881924366459208,0.9757329526510582,0.9686611223758193,0.9579882914515454,0.986290690998525,0.9783608164117708,0.9563524077511976
Wolfie_1,0.9702919484545687,0.9758252415607074,0.9796014401792368,0.9767503123858265,0.9897695399201327,0.9724078249303331,0.9670656031331804,0.9442613824718602,0.9167126468377589,0.9895619920636671,0.9740525597313817,0.9845200520151649,0.9771152018039077,0.9687922495064714,0.9888813074384679,0.9928357280701026,0.9952711657381197,0.9614590897509572,0.9927117838924291,0.9650998656571886,0.9584803486493609,0.9894765431221462,0.9942287031980774,0.968270455618593,0.9775230051887328,0.9803003579313054,0.9675534664449467,0.9603901757109197,0.9887167973466474,0.9849781557635695,0.9892329713507746,0.9876684109427691,0.9889251059377727,0.9779984263709429,0.9763286081487408,0.9679244228916215,0.9858882631346134,0.9722541538411406,0.971424077535491,0.9888972561640831,0.9323517043122991,0.969218334862682,0.9900370940853274,0.9693900350848066,0.9759437188511473,0.9475596217929303,0.9608316217070734,0.9829379592383114,0.9909863486144396,0.9636815946535874,0.9670900142357531,0.9934156515958898,0.9928948627434626,0.9472987039807093,0.9920767309235108,0.9510504445467243,0.9805659656080068,0.9853236163416809,0.9852121998754206,0.9888424200825512,0.9908638430310204,0.9898836787938515,0.9824200016417897,0.9836127830760654,0.9938894691987561,0.9887853920393186,0.9905176347675871,0.9794509395455069,0.9912786443881929,0.9761603150849257,0.9877863391279563,0.9871856430172155,0.9727184874128445,0.9863342806473496,0.9236610505681124,0.9585973520506114,0.9581251560081179,0.9149003560138858,0.9844670338795942,0.9906729650407369,0.9720672022507129,0.9852704116296487,0.9925764576775102,0.9890559951965832,0.9898204865293674,0.98501481437293,0.9932074368867587,0.9904271989284904,0.9918466924956508,0.9543783703500166,0.9760699113460602,0.9558063865922921,0.9599167868780896,0.9585076592586808,0.966265969535635,0.9858478540160975,0.9825224032227605,0.985466435021195,0.9761436963641094,0.9690234909883473,0.9573643435022705,0.9771144418462057,0.9735046529121487,0.9875229093954122,0.9884949680117785,0.9800081891729261,0.9767253684300885,0.9590183800652503,0.9922796755952463,0.9831983533556496,0.9617840061847199
Venetia Kamara_2,0.9750091019859024,0.9768049105655603,0.9859424106006482,0.9801396506212178,0.992413105946787,0.971512676774643,0.9729848849549794,0.9488747438807785,0.9168046554188933,0.9886145739036567,0.9678032578834321,0.980585227265752,0.9767900904888094,0.9724198580378571,0.9893910775547419,0.988464279726248,0.992963293045388,0.9550257209667394,0.988939702702589,0.9711941189514742,0.9747313782468824,0.995253562346324,0.9964138211714586,0.9776572675715132,0.9777521658710269,0.9826655461616183,0.9583881850009379,0.9516242127851451,0.9896623379836664,0.9880553602127871,0.9892696664995134,0.995524827031893,0.9912799690055846,0.976575826812289,0.9707943488302198,0.9722577325945622,0.9914272125256955,0.9613758002842652,0.9755491599307609,0.9907937049293487,0.9472962154609671,0.9727630306200026,0.990558705431895,0.9759383043599652,0.9788507681030393,0.9541530293354306,0.9652142542238853,0.9843944115272071,0.9922676668891106,0.9630824361966689,0.9756062163692809,0.988590485346137,0.9891204352985055,0.9510198344169818,0.9965071114968478,0.9489729288701726,0.9873345478289997,0.9948586616280949,0.9888990819948926,0.9933120178663712,0.9952561159156239,0.9928226805039189,0.9801326868519664,0.984448082164078,0.9907913116735139,0.9881759198568789,0.9935423650993139,0.9888552980835232,0.9888953473761164,0.9840220402239739,0.9881525931355497,0.9900642857559769,0.9734197364074395,0.9795059504233081,0.9289834504555039,0.9613947801653806,0.9595363043360554,0.9183361924726356,0.9819105705072975,0.9913287174011673,0.9719530425334728,0.9861486656933448,0.9915039659102861,0.9905362053174598,0.9879905775371022,0.9911340733389097,0.9916668515867448,0.9931420357427101,0.9931760575168713,0.9587858956825349,0.9799229401000614,0.962719663749372,0.9556567469664302,0.957594588116457,0.9660854950270666,0.9835609500886564,0.9879087243271086,0.9848010528518987,0.9797774718801087,0.9731638034852043,0.963972330142602,0.981841546908001,0.9754662434748176,0.9940310718704801,0.9908391025901567,0.9788540597897353,0.9758309589075849,0.9654453390603324,0.9925423009701528,0.9850478286584482,0.963563710049897
Greekonomics_4,0.9679619337773855,0.9777671792614564,0.9834444389825652,0.980293713287727,0.9754924497179355,0.9612357916969954,0.9581375861995922,0.9291634223680344,0.8973027023960176,0.9792779939374965,0.9677377477576447,0.9724178765038509,0.9792846611218291,0.9739622134062559,0.9863197989209285,0.9838865585058791,0.9862955354051595,0.9717927960861058,0.9838575861291894,0.9643891135881264,0.9471444594461997,0.9797220392932435,0.9825136151193392,0.9814602151981139,0.9860360693581269,0.9888540192403854,0.9728319689112728,0.9441149500832238,0.9804009748851044,0.9903563202313056,0.9794706400405907,0.9792017639037611,0.9730193945920861,0.9674847551214452,0.9574869588465084,0.9627571164835413,0.9829526004125582,0.9434681727102263,0.9810181441581947,0.9720086754769025,0.948468130002055,0.9668666906295531,0.9853450996458469,0.9784605724894035,0.9855589816954746,0.9695737120002554,0.9627706629488227,0.9741799458801004,0.9811310516797072,0.9549460767292564,0.9836226540859438,0.984311402045412,0.9851459822036583,0.9505941080062471,0.9819760724386393,0.9264638925783937,0.9679975246056283,0.9751334209115099,0.9762121767073622,0.9785399563077427,0.9833461318106537,0.9849531564928257,0.9736356712915945,0.9732306442917377,0.9851023793422696,0.9820008891571372,0.9861928617149612,0.9807880011153276,0.9691077617660144,0.9749254558283504,0.9804082227764508,0.9846904790183182,0.9733728761193267,0.9617669831441102,0.9199370016524271,0.9485001898020718,0.9597462875382714,0.9215274972104834,0.9587332655145866,0.9759025597634792,0.9799807216281824,0.9830484689046162,0.9790326451368334,0.9820884422836232,0.9648520405525833,0.9848806667666963,0.9798238307169529,0.9799005424269751,0.9866886642069298,0.9738149314973421,0.9858703432963647,0.9685271052760844,0.9528590903177506,0.9497403517026025,0.9547445420639163,0.9780531336997426,0.9859857112905794,0.991871835566731,0.9614195334475248,0.9734906892778962,0.9678822505545455,0.9799643590733706,0.9725150707890822,0.9886019246404607,0.9791861953534985,0.974002146466992,0.9730681740178596,0.9725580930128689,0.9780955122917876,0.9848856631669864,0.9777265030690918
Zeb89_4,0.9264346623897897,0.9497249028319311,0.9506872023545709,0.95073487899992,0.9403040213611077,0.9379431502817374,0.95251164554747,0.9048444653578869,0.887051685232473,0.9386198899153618,0.9346126249897062,0.9351104634827971,0.9217817685570491,0.9486368422704767,0.9318679387716924,0.9295331492163712,0.936743461735823,0.9375760196553984,0.9305589617614599,0.9289487287128204,0.9225902113399009,0.937394074344048,0.936368972631093,0.9615107601999526,0.9586052100075703,0.9557564721862253,0.9460830628859712,0.9127415736460032,0.9243353644924005,0.9505763883906552,0.9369291883457399,0.9374731669463499,0.9324094877844796,0.905815628065255,0.8989428671050294,0.9012558075639803,0.933011380852803,0.9133575185937419,0.9242600737806856,0.9224935122402977,0.936778876609477,0.9513262169688212,0.9329768487806183,0.9582687342424011,0.9613310654252305,0.9557386281540283,0.9617750194721431,0.9518766932190794,0.9439334421118202,0.949734327092345,0.9517404958973208,0.9327437757017387,0.928076785474821,0.9000596717881477,0.9353678779133724,0.8751867942874645,0.9280148603820261,0.9319576590831493,0.9437175683730236,0.9449638817360139,0.9432997661959788,0.946398433363708,0.9392420161174045,0.9382790519292048,0.9436206084141339,0.9167261488996579,0.9435017681134431,0.9595096119385038,0.9231350109248826,0.9496545747651843,0.9408424563593856,0.9436302252478559,0.9389470690580333,0.9237861223726712,0.9061588048997713,0.9353829137593761,0.9594141181028346,0.9116415009007932,0.918564725533076,0.9298939961544122,0.9608565786194717,0.9306570742596345,0.9364898965844151,0.9440640083596759,0.9310527223761254,0.9405145559521249,0.9330831319547722,0.9390876671442526,0.9397844542216414,0.9464025888854336,0.9387994104273449,0.9478144028704173,0.9387312960064529,0.9333043656709408,0.9280321514949458,0.9328053995384924,0.9518498761287215,0.9503411433002529,0.9290691173571058,0.945257352407745,0.9508050828383083,0.9520169850700696,0.9499696887431621,0.9447124089753391,0.9341180787413745,0.9283650223350455,0.9393642027780316,0.9350955831038087,0.9241083908937318,0.9380544317505572,0.9473418751943976
Rotten Mango_2,0.966525092118701,0.9736679632717355,0.9864286858632829,0.9830269765998239,0.9850032307714148,0.9763535882231812,0.9793899206558758,0.9637148277713254,0.9120317234173777,0.98028441941798,0.9536504255433871,0.9728967086209328,0.9629019862922632,0.9670937912183545,0.9769705448344874,0.9779050752870087,0.9824569065942752,0.9443439777837035,0.9730367722473641,0.973968548966037,0.9820377571246455,0.9923238689459204,0.9854097376806163,0.9822203100650875,0.9718819882149081,0.9773462246922093,0.9519794115069985,0.9484408144475722,0.9789198592999315,0.9829220173846811,0.9832722479906473,0.9911589458989655,0.9897475029996025,0.9628079863624133,0.953803461285063,0.9686265389522225,0.9874769974806815,0.9524275715346058,0.9664217025161069,0.977920101547036,0.9404219136825016,0.9810906715639631,0.9789753261488882,0.9754315860044156,0.976420151764264,0.9558679880287126,0.967839346799861,0.9816568447887792,0.9832341321577416,0.9632010327499996,0.977016314651215,0.9739158338407048,0.973920865841138,0.948805352269664,0.9886525309341662,0.9473797997549619,0.9912562695298566,0.9911484606771584,0.9799019586445383,0.9894417483699809,0.98934226411173,0.9882436141312598,0.9786983144133096,0.9832060751798313,0.9794265990655957,0.9739576793802266,0.9880603191660433,0.9933034487610211,0.9768164764103087,0.9840394795137308,0.9853114797537483,0.9851357544114903,0.9703485067961597,0.9691767053363661,0.937978906176254,0.9629409514738221,0.9648197238312486,0.9209181681099773,0.9726576869200798,0.9840018542174349,0.9729487303048505,0.9831588559108703,0.9809932079498378,0.9845516284488831,0.9810767812140153,0.9904107809064167,0.9813798570518093,0.989535581760043,0.9866982397927632,0.9638727572153709,0.976729722673699,0.9705255915769975,0.9614375513177735,0.9613507153555904,0.967531867011981,0.9777704814416444,0.9923016826861519,0.9809029379978431,0.9738749609620783,0.9735663829612771,0.9705055469141839,0.9846627665372949,0.9709825803668217,0.98871194436803,0.9859720548803139,0.9721085192005433,0.9700574649551055,0.9556940623157002,0.9798761828690864,0.981190525426444,0.9504185454273779
Ivan Grieco_3,0.9573258412332812,0.9650219350663338,0.961401670736993,0.9596693067558608,0.9719831040019997,0.9543926160696836,0.9414571169580974,0.9511474012235074,0.89942807828934,0.9581003056284164,0.9450727647916151,0.9597190141230327,0.9407753824583623,0.9228089071308738,0.955952967379944,0.9538358600225222,0.9600268291284146,0.9455205993809104,0.9640109072255617,0.944234174709114,0.9436263556288907,0.9569660659723958,0.9612770873115861,0.9454391048464349,0.939045829416452,0.9452725073778636,0.9659088501252784,0.9576566619597443,0.9729917286824694,0.9550694968425513,0.9717747305461497,0.9648626891838572,0.9699589816434355,0.9649740229211328,0.9713074793304463,0.9592537209876759,0.9703234130923423,0.9603031625760516,0.9564976693397241,0.9583469572469461,0.8923134732498554,0.9539988214645284,0.9689440698145078,0.941278443522143,0.9504390140178027,0.9174974848500577,0.9257787269974674,0.9657466669686091,0.9545406007259762,0.963992672231158,0.928903420370126,0.9692992263453867,0.9703860812252723,0.9187654691256972,0.9633931987380973,0.9593534806104675,0.9568729695999818,0.9593166198825657,0.9497874378301054,0.9582709206678661,0.9555265230275796,0.9596433966983442,0.9595626092902136,0.9572528057815277,0.9645177890424963,0.9598151374526569,0.9594959917069994,0.9501280520261106,0.9604947661240011,0.9475121033048355,0.9619888825423433,0.9573485780808024,0.9687382897541702,0.9714412472748193,0.9159395234987999,0.9442277401090748,0.9224766792237007,0.897151856882476,0.9720789232272715,0.9722126249569841,0.9591786075070594,0.9592333608810619,0.9549867780701804,0.9542000521135379,0.9506597082676166,0.9531039512314355,0.9644698183239477,0.9581391291680263,0.950785388031588,0.9430960635329158,0.9644341320756639,0.9089016969404794,0.9671354795116631,0.9266651938982999,0.9423342778736183,0.9679979387536319,0.9580408230330493,0.9633532935849295,0.9421600576149958,0.9325087978598693,0.9322909427087506,0.9559291076725525,0.9363355516070406,0.9559652010991153,0.9564283278759453,0.9501916957493972,0.9210313478994017,0.9250399653077241,0.9661180069134366,0.9609238942847489,0.9430045912257239
Matteo Saudino - BarbaSophia_2,0.969428718543878,0.9729608751916536,0.9747002152564426,0.9709042060371416,0.9836199717649706,0.9645743437584933,0.9623907392919497,0.950978999656453,0.9200525247152458,0.9855983408162496,0.9741975845956707,0.9871767650042107,0.9688060516103273,0.9578494655596702,0.9807864840415477,0.9806743014150874,0.985928970479066,0.9517990186872596,0.9838243234896946,0.9628012035117743,0.9546083762959081,0.9821774167786297,0.9885426770304369,0.9584298400192128,0.963921875594556,0.9683460401533517,0.958772291051565,0.9643234539970844,0.9789864019287012,0.9753183642789984,0.9802314351906334,0.9821616193645328,0.9826523372654661,0.9688446046058659,0.9787219101649881,0.9627086162960372,0.9793700014271028,0.9800437151054705,0.9589730826863687,0.989404437733824,0.9288442109151512,0.963967704978459,0.986131484092098,0.9624435107220477,0.9672486848631081,0.9373151628363658,0.9508514155037964,0.9779344510552339,0.9837308504833826,0.9602040081042604,0.9534822030346359,0.986712840142278,0.983948215362421,0.9370445868026797,0.9814677657687266,0.9551252218729782,0.9752514465621871,0.9775323594366707,0.9771302197042224,0.9837287616904118,0.9813528962296906,0.9803015031945406,0.9736855580151753,0.9759694450926542,0.9839919017001036,0.9806510553589105,0.9825955476882411,0.9730354399105557,0.9844264077631883,0.967616716204946,0.9767851072587903,0.9788631344091401,0.962366476862835,0.9803917097110959,0.9149389474733634,0.9502155547535158,0.9452245434963582,0.9099408195147178,0.9839884752309874,0.9870791508158983,0.9674260186117299,0.9786777509569791,0.9870323692151961,0.9842050859179652,0.981658966594868,0.9729389033090875,0.9863529587830788,0.9836223465816792,0.9809210728102099,0.9457501582610823,0.9648863759692765,0.9373201114151156,0.9591956338731286,0.942670070672081,0.9545143458191914,0.9759865999989602,0.9679184884075362,0.9739406271474581,0.97495436149111,0.9552122961132057,0.9482230268542856,0.9663414419513244,0.9670925076415438,0.9766936957986272,0.980208083293239,0.9659008274939556,0.9621518545342398,0.9464936244933766,0.9855951897615101,0.9686850294835485,0.9503124562201004
berleezy_1,0.9509759115471625,0.9692606568795762,0.9761175042045459,0.979808386399494,0.9763944668133593,0.9738684223330748,0.9780037066377899,0.9573286723665559,0.9021709744370681,0.971005864584676,0.9540897187869498,0.9669454889390681,0.9605038066166773,0.9722150570872248,0.9734025673168845,0.9775765147050129,0.9809742178283576,0.9451726328060162,0.9696489492968305,0.9634367060167688,0.9737753052174849,0.9889722143512663,0.9782864619965098,0.970442963298134,0.9688333728226304,0.9698692708603642,0.9591634233528725,0.9620838141395598,0.9727327376612818,0.978242840518722,0.9795875616654296,0.9834608132683418,0.9850553230449768,0.958349160320668,0.9511693853014997,0.9575575768976747,0.9822900991636101,0.954044028837054,0.9634546245982158,0.9664919442242774,0.9182785879358244,0.9745805355723514,0.9731644704688862,0.962036687716401,0.9697921092365358,0.9441514728575008,0.9705768974477567,0.9721803188792284,0.9782237248903798,0.9578939807414399,0.9675557237144152,0.9697749541288665,0.9698435877148558,0.9558309471297992,0.9811515189348687,0.9528621054726718,0.9850943448762923,0.9841168442760824,0.9771011112232391,0.9848507534607212,0.9825023053600637,0.9797513236183115,0.9784192094776232,0.9808188282476007,0.9764244990805173,0.969073215388558,0.9808811767793173,0.9824211563774732,0.9675110472957094,0.9741395167322389,0.9841377901255246,0.9800651841515178,0.9684895851205718,0.9711600286379498,0.9441109677542847,0.9618080661254866,0.9624941285504767,0.9176667057197462,0.9718253154665557,0.9848952064037448,0.9688216931950135,0.9767074125746964,0.9761572606010702,0.9806690374648545,0.9759791705506842,0.9892691830308349,0.9757863298528271,0.9876393683083099,0.9855994252136583,0.9633488014939797,0.974458945590547,0.9751718802340203,0.9668680679313442,0.9760380232566765,0.976816761071488,0.9804490221078441,0.9877745348669846,0.9809398385474122,0.9708249833852192,0.9769186418474594,0.9685395938824592,0.9787817222532924,0.9701658370379956,0.9858778054046996,0.9783254461709773,0.9725555791404021,0.9727712832645928,0.9451488938691461,0.9706062276692864,0.9849177801836779,0.9482986510289285
Michele Boldrin_2,0.9565717197160148,0.9696125932216689,0.9706937590489535,0.9616240647163378,0.9698276080458708,0.9466981942955233,0.9511531519103726,0.9258539935030943,0.8741277498841007,0.964881625041404,0.9382133926522898,0.9574997464715851,0.9648439825521999,0.9513573672218214,0.9786760703081415,0.9713533533348544,0.974068090137229,0.9426929858671749,0.971207098453048,0.9378768984974845,0.9587911098035963,0.9772762878796873,0.9746095711688154,0.9591627259459867,0.9490704685977189,0.9628617689569208,0.9566848963987888,0.9548169195431633,0.9828607046334785,0.9771041229920694,0.9832619204224449,0.9775782945078242,0.9784560092440853,0.9788677915602799,0.9801616105419151,0.9897080551138964,0.9807870493130435,0.9600381905986162,0.9590639596275171,0.9729943740100986,0.9033905060057363,0.9516550493485272,0.977230961529026,0.9498747346950631,0.965921415263734,0.9371278168286967,0.9336982841564342,0.9561941649915763,0.9620155768824094,0.9279210602470206,0.9441317151965243,0.9740941755715571,0.9781318323309975,0.922451175188938,0.9821136064689564,0.9360626690209792,0.9758467498398306,0.974035630193691,0.9551108660149256,0.9747832570725661,0.9792665596188818,0.9740221632357797,0.9780160890591049,0.9803236065025773,0.981886008534128,0.9808503955091123,0.9750356158016107,0.9636615421781854,0.9766347373722055,0.9561273040157683,0.9771529419818353,0.9622392218001183,0.9569856152805778,0.970355858944705,0.8829006367563841,0.91463402067552,0.9257869488236018,0.8647171020574751,0.9769192618277163,0.9797177794034686,0.9541517634613272,0.9796280377396731,0.9721360276828375,0.9752869655248275,0.9696393093007019,0.9772860052754817,0.9773344206022179,0.9759734326979608,0.9768300928638269,0.9629300368124766,0.9722922970876111,0.9515959480985402,0.9401002395352427,0.9264797691820043,0.9290372730024976,0.9795561659912231,0.9739586265197651,0.9687344619783615,0.9598693817510117,0.9419957989718749,0.934965285604549,0.9657565233087679,0.9391159051463382,0.9785088349054749,0.969622127895102,0.9858765209169913,0.9702979667083771,0.9377065902962332,0.976444212473914,0.9724812112672598,0.9338697463703656
KanaChanTV_2,0.9662203553800801,0.9626828692057562,0.9821075057072888,0.9834941407519591,0.9862985666535248,0.9841575143743326,0.9830534052093798,0.9724868264935433,0.9224812885356812,0.9790489813978622,0.9638811925025974,0.9773492334334346,0.953869396793765,0.9669297961419181,0.9680181330828629,0.9745706006980641,0.9795446440781701,0.9429163291164577,0.9729220831474473,0.9698802171953926,0.9713886693410275,0.9862895950961271,0.9809497290801494,0.9746502578113684,0.9704952546800429,0.9697872915109427,0.9496934468995455,0.95420177307778,0.9726190109120729,0.9817593689574482,0.9774082453460646,0.9824104189179725,0.9835452610788047,0.9458314035873173,0.9503369849928667,0.9494042815677095,0.9758795692855255,0.951224718912578,0.9633092642937556,0.9709571048483343,0.9366120316223419,0.9789411755098405,0.9761833484992174,0.9720431612869134,0.9710056606599489,0.9462611016321754,0.9781701781594632,0.9869464166795442,0.9860730934841015,0.97731090579552,0.973798536009578,0.9731029619763669,0.9694269617393927,0.9507441734894804,0.9788176890280524,0.9533283142746937,0.9839726097760024,0.9813184454468655,0.9874752125350234,0.9829926604667059,0.983308912600335,0.9813802214638487,0.9668734966029843,0.9713717131508552,0.973499036297141,0.9677889467107816,0.9779895656265825,0.9864979724382514,0.9706333090232062,0.9776685213672842,0.9842691894136826,0.9846307418965201,0.9721441485704536,0.9713929691827622,0.9638947605410122,0.9820246045095821,0.9737178162193001,0.9449217745442074,0.9695246950977501,0.9821342057418172,0.9695470675448905,0.9771452904905729,0.9775701995317646,0.9795132085692752,0.9771635773470635,0.9805641289274374,0.9792974910347709,0.9835985399344843,0.980026596682436,0.9512805479241683,0.9748872644544417,0.9566444393111869,0.96939837374345,0.9709072419024141,0.9805547933238473,0.9756554571805407,0.9839097165486217,0.9810939413103412,0.973754607832258,0.9795314155755839,0.9732796751440593,0.9766626996433261,0.9835496559649604,0.9816369418916215,0.9789235357827263,0.9598548026055912,0.9597859349192157,0.9523664378454421,0.9761900997035622,0.9788945008694793,0.9489645460083056
ProZD_2,0.9749434461604942,0.9656261236818338,0.9741747035331643,0.9765710716857953,0.9788480804916777,0.9703260970308587,0.9625353347804948,0.9389714056334193,0.9020428900779924,0.9760306173909216,0.9695839570771927,0.9810990891688735,0.9814684792051906,0.962983625229429,0.9803885997336735,0.9819179891816607,0.9822865288963125,0.9648326110451033,0.9835620652729654,0.9526561327219076,0.9476693660142308,0.9730355726700686,0.980133760101654,0.9674609514332007,0.9650945415715311,0.9714045417546764,0.9726514739383686,0.9586075260378031,0.9753982065187006,0.9727435016442278,0.976860771042205,0.9773817104589709,0.9767197495739264,0.9591899238003918,0.9677267026424436,0.9607061276050322,0.9794766687646053,0.9482999201581581,0.971626467198608,0.9675364827912991,0.9180492754801498,0.9592146410153346,0.9807198112176126,0.9587206653154055,0.9709317480053639,0.9407624262525047,0.9522169220648098,0.9698193673392839,0.9755098487219458,0.9562600459421498,0.9649455059357959,0.9824644252490861,0.9814073423997878,0.9512671858200725,0.973362800110792,0.937516143628726,0.9653825214586137,0.9713138274136703,0.9778106566643437,0.973256161088049,0.9774913659173835,0.9740268885705735,0.9660913315040183,0.9677706371980683,0.9790711056407945,0.9788115568516713,0.9785477061324888,0.9689621661191339,0.9657130748009772,0.9597191767744282,0.98247389606768,0.9711892646546019,0.9794875853490161,0.9720343852593503,0.9282343388587222,0.9516845463173873,0.9531624512877961,0.9282141567065081,0.9644133017493816,0.9774075919655814,0.9829549567532505,0.9838475059562931,0.9728458312279679,0.9705401991917175,0.9574245740156488,0.9739963914811219,0.9759278085739227,0.9746038460163098,0.9752002327319527,0.9662550154775444,0.9787709020148003,0.9380668745426484,0.9706109843551567,0.9448148028533503,0.9534474637387897,0.9858689135714435,0.9732451047669619,0.977721498499053,0.9519192272677754,0.9652067218736528,0.957400054743793,0.9765626538953052,0.9748270471111854,0.9764969396840169,0.9740550986625465,0.9611255934877658,0.9562022980881764,0.9536658236064901,0.9777236448841666,0.9827563954735952,0.9604562988454356
Tati_3,0.9718184146157665,0.9731870937682678,0.9798078683914099,0.9772486211037653,0.9864845900049996,0.9748168864430498,0.976186101371948,0.9587333608579864,0.9117433095993343,0.9818819023455994,0.9637838813921773,0.9810277371815509,0.975266645907219,0.9686753875666891,0.9858005806806069,0.9833958277242844,0.9875559950078405,0.9526383290778884,0.9809201840276218,0.971187998067162,0.9779588601053206,0.9938181329332472,0.9904102418444931,0.9803248117586074,0.9700923216422002,0.9772454142255602,0.9609845936678482,0.9590930782756724,0.9788156878104883,0.9807222414128562,0.983887113896077,0.9926886560721107,0.9917608318505859,0.9690767657775194,0.964892264482567,0.9749597003264265,0.9887112638547124,0.9593107283328659,0.9681352750855196,0.9843989696641356,0.9347910915539727,0.9735822824063277,0.9848858352233162,0.9709501775842644,0.9746222943846806,0.9498938244734143,0.9618448569365635,0.9779027100522286,0.9835715568086469,0.9585599971139691,0.9703411786841551,0.9789269764644728,0.9788256323574025,0.9523914336710189,0.9894162316288584,0.9514801675851401,0.9904044841703101,0.9907178826669082,0.9828150823904253,0.9943361484792508,0.9920114898506662,0.9890444009956156,0.9823407479517543,0.9877247526979874,0.986352030159547,0.9830208245154806,0.9903677009740337,0.9894859910678471,0.9797093948824631,0.979274126794768,0.9854445413423253,0.9832284417906413,0.9705727511073607,0.9752267836381239,0.9319668869737889,0.957307729658685,0.9570556096034599,0.9201439052788305,0.9819844799625078,0.9899590714438542,0.9753579210092698,0.9855151449698086,0.9859645643767292,0.9867016762942277,0.9820212210382475,0.9897879746236806,0.9849257574521733,0.9923338784614477,0.9894435074847199,0.9661938661862796,0.9758261432540464,0.9626262719578831,0.9670962326798049,0.955962958501825,0.9631234245561414,0.9820528868206987,0.9858909038265804,0.9793780191372092,0.9769403622702472,0.9706997526310992,0.964305352441901,0.9861877476143217,0.9745475215040229,0.9873961269658208,0.9825558389624856,0.9734768280091324,0.9723229846450654,0.9571099441817175,0.9829699053578496,0.9827282137682445,0.9532013046825103
Sylvia Gani_1,0.9738915693751686,0.9791526511595943,0.9870819393830322,0.9829731052680406,0.9939839724751924,0.9747449479305841,0.976660197713368,0.9525955305592952,0.9165996755844148,0.9861951993865901,0.9647121291357873,0.9802592068074185,0.9759208441580001,0.9740927814490299,0.9888101179258222,0.9883088568519351,0.9931919307824009,0.9567613079560864,0.9880583403195238,0.9691213622395667,0.9777643638228407,0.996068873816277,0.9951921574036438,0.9822254684933314,0.9772456638378562,0.9831408988348095,0.9638275120555321,0.9582448010758604,0.9907931625004198,0.9890547835272001,0.9927137786365328,0.9970555599487236,0.9947440637585421,0.9776833109433336,0.9719317907063011,0.975285137156316,0.9952177128934945,0.9619870867590341,0.9771219151326032,0.987819865411673,0.9388769562118895,0.9769476959775316,0.9893191230666392,0.9765083299907926,0.9815622193387004,0.9551285312838383,0.9681114992646462,0.9847883770532453,0.9899785146892525,0.9653997601388944,0.9752955726711086,0.9867197178963034,0.9875914265499891,0.9538630715708697,0.9975495888575598,0.9493077650320813,0.989476346802656,0.9953945847660495,0.9865663423754443,0.9954841581362228,0.9970490172371309,0.9952693199960407,0.9854730883036735,0.9892138917251323,0.9932198436132118,0.9873665661819833,0.9944790996671145,0.9911259052786481,0.9881722615715003,0.9832900140953018,0.9915413631482196,0.9889749168085052,0.9788598209843575,0.9816413884222941,0.9328987444935011,0.9614380882750687,0.9619222564953085,0.9174479066994217,0.9841657192341295,0.9917499852724317,0.9766659271745924,0.987890050912207,0.9912788433168419,0.9902502841904764,0.98658706714104,0.9945472462846092,0.9918132303209471,0.9939608674279236,0.9935625392910843,0.9677046152128324,0.9822468808751554,0.9638028214216826,0.9636951044221416,0.9596308299074776,0.9668919258109112,0.9867252724278648,0.9922968344391554,0.9846353728188496,0.9765549327644135,0.9740137738404424,0.9654921122192446,0.9876311701989535,0.9750866323349959,0.9946936086059477,0.9905120921421222,0.9813568518297887,0.976195025507302,0.9611896782428138,0.9924651549113466,0.989530241283402,0.962593715645877
i Mikri Ollandeza_1,0.9608738266278642,0.9851075844176187,0.9815266905395224,0.9779141067589119,0.9776018759605731,0.9656021532066786,0.9709252806410225,0.9387802154802123,0.895442337454329,0.9775020502580412,0.955171765279935,0.9702811344548763,0.9668321489462821,0.9684810475339356,0.9837671201801323,0.9761897213636503,0.9828744557461417,0.9566917930781598,0.9749535505207251,0.9598944744879678,0.9669412929077181,0.9867109622203476,0.9828353997257022,0.9829429688727153,0.9756644291711336,0.98293430118195,0.969545381720839,0.9571384249659027,0.9781991409587969,0.9865938064105219,0.9854233503388381,0.9841284267049164,0.9840571796591404,0.9710777968098354,0.9606567644228443,0.9685435041908776,0.9839553763948773,0.9667526857522053,0.9686522578606499,0.9767755557049056,0.9368151785051475,0.9794206379147061,0.9807605260950558,0.9770980454936602,0.9859588507237699,0.9679779043353101,0.9610218830615671,0.9770460014383664,0.976708413121653,0.9519565100371249,0.9682858395965059,0.9769821194886849,0.9771991519725065,0.9340982156013021,0.9842766415413919,0.9302311622148204,0.9779945151410558,0.9793491473808771,0.9739240573917175,0.9891319619788708,0.9879351632365323,0.987451870868101,0.9907225132689301,0.9923740346623849,0.9897199592640505,0.9778350232107262,0.9859083894245899,0.9849665336674578,0.9793640220135225,0.9789451299029294,0.9818455625018047,0.9793260733349959,0.9667515765885205,0.9736859773776161,0.9085427813082649,0.941676855307531,0.9548863475835623,0.8961233967821196,0.9767200006106576,0.9842075448337134,0.976158099893049,0.9828865247260781,0.9844942475530509,0.9903903033032058,0.9817051611880268,0.9851374381327986,0.9838932006735814,0.9860298723705084,0.9876025751891105,0.9761129005705491,0.9768339126047683,0.974126834931573,0.9593034295127819,0.9535032757046153,0.9516103871119105,0.9831282386186992,0.985678370210656,0.9850549238482404,0.9769433334508539,0.9644878176773675,0.9625126890748251,0.9830807149671504,0.965614692639789,0.9872926662849049,0.9764760938443792,0.9817947246276245,0.9833590076929682,0.9539144390649734,0.976905942383221,0.9806369696207772,0.9547646541449122
PAYAL GAMING_1,0.9563339359517785,0.9711709897871876,0.9816669137626843,0.978123501002637,0.9796198584533952,0.975737606998627,0.9773433664264894,0.962450341131343,0.9024430774557388,0.9680512731395414,0.9386472838485306,0.9593656130891831,0.9426536436577546,0.9494367412390924,0.9629134587555522,0.9593643711032117,0.9685587435094425,0.9343395321500071,0.9591959628546659,0.95412086268233,0.981266942920002,0.9836273802936563,0.973249804375702,0.981206296745645,0.9615242530237271,0.9676977695716913,0.943371505607751,0.9478953300109063,0.9696767365859184,0.9755056770245722,0.979338363743977,0.9814677685525263,0.9835651382847606,0.9528648579165557,0.9474848948102057,0.9615745509553578,0.9768861045683259,0.9540968660092071,0.9556969885148676,0.9673590840464418,0.9333713835073525,0.9833201956658503,0.9671042049719651,0.9723468787004941,0.9759656715079748,0.9543202048999588,0.9597148746277118,0.9819688688029221,0.9709979027135065,0.960384462073562,0.9599405641810641,0.9601992714024068,0.9589299571370515,0.9267493423469944,0.9773690583280961,0.9343520898948714,0.9845053542617419,0.9785500328844279,0.9739715544743422,0.9847251421505208,0.9820934642177476,0.9810948231232217,0.9769869402524078,0.9824550935416094,0.9748309316622465,0.9594462037847391,0.9761987713292375,0.9876359420853633,0.9712821197560366,0.9819440882478139,0.9783470406212587,0.9749166630390098,0.9651515225933587,0.9682310087372707,0.9274435292748273,0.9558512063480835,0.9538841159444532,0.9042789085346075,0.9717531273998145,0.9784284072092038,0.9635469719913704,0.9715827078155268,0.9709384617793047,0.9754376032666262,0.9762320688491285,0.9793987987443793,0.9737758341638363,0.9784132033345255,0.9738004240005727,0.9615767379591063,0.9631650116884427,0.9646538698531548,0.961290032584513,0.9524886349260444,0.9559682216700774,0.973713254705936,0.9851453572274689,0.9698635045890779,0.9745922320362588,0.9623414453548715,0.9565332690244108,0.9771827935698574,0.9629644623280107,0.9803526309272235,0.9707358897403501,0.9639726438772394,0.9646215658626869,0.9419160355981708,0.9690123269510831,0.970254934882322,0.9365262282537985
Alessandro de Concini - ADC_1,0.930184290197535,0.9501092249561311,0.956901240561044,0.9693628412997457,0.9502446004496996,0.9623776648103255,0.9350287310233235,0.9303042639074159,0.9044224174469038,0.9487899351290079,0.9513114494209108,0.945143414597794,0.9390807403958901,0.9250467783037788,0.9427329378504787,0.9498589655808185,0.9501599127062827,0.9437902167720997,0.9516390397752569,0.9285152049913052,0.9151017387860836,0.9354905612919417,0.9426664002399165,0.9440911212092225,0.9438497961123407,0.9414939699328058,0.9622144997200148,0.9406801800850897,0.9498653431691877,0.9498475536537442,0.9472912119923663,0.9430378243679871,0.9501966165595992,0.9187334204923238,0.9280371515467638,0.9186105382844854,0.9470814662247831,0.9146738735884107,0.9573530858589969,0.9251636348491368,0.8915032983426843,0.947283176255546,0.9443728289160945,0.9380983349778396,0.9512253367086642,0.9211055405470859,0.932856438500522,0.9562214798816815,0.9451422907205971,0.9548755949181302,0.9435055349572246,0.9529997925390222,0.9499046756919923,0.9474318030692068,0.9354249865917782,0.9205203484600958,0.9294480428849083,0.9357994587563956,0.9480396761921881,0.9375444860900162,0.9391715511511824,0.9453994808998828,0.9381251425115349,0.9347655166487662,0.9437166743062829,0.9365592839088572,0.9446238647837133,0.9412758961832433,0.9270602459507361,0.9465065004301865,0.9581008675682585,0.9540750797428541,0.978299825961286,0.9469242924115042,0.9385173537221929,0.9513959115588899,0.937389915105679,0.9365226807615176,0.9261203913038516,0.9455902594665351,0.9552559412983768,0.9497955536784504,0.9374170170655121,0.933207204414269,0.914900342076373,0.9350766667573815,0.9438572051338698,0.9318401367188099,0.9395697277570025,0.9517228928497299,0.9627608312176028,0.9187111915511234,0.967227402145951,0.9481355604373353,0.9576531790356894,0.9534866762732721,0.9541617996339347,0.9631059963163278,0.9134663308293962,0.9601912483110723,0.947503439540043,0.9554379052455055,0.9520200599370143,0.9462876925478836,0.9374878099122592,0.9368268885394038,0.9151178947504784,0.9442936416116217,0.9450037139947702,0.9656696322577702,0.9563440788137777
hajimesyacho_1,0.9439351202700208,0.9455125464274512,0.9579322220465638,0.9634808841350984,0.9708271588094997,0.9618579381620216,0.9664707355660496,0.9359593501672583,0.9265246869458504,0.9730424939490836,0.9738209424932478,0.9727185774070891,0.9557603133904763,0.9795846845383636,0.963149667853965,0.9751005789457105,0.9753960556667067,0.9468084348011592,0.9696691256862506,0.9693415823710309,0.9369336393953951,0.9698436570471312,0.9756154937502208,0.9468944718677028,0.9698358020280662,0.9613518709856277,0.9434302601117285,0.935510713006783,0.9534739263920664,0.9669918022700676,0.9542810715838743,0.9657642807778204,0.9638893713898795,0.9273919400084416,0.931904314864948,0.9164148901332244,0.9548986345796941,0.9388902189815882,0.9426392385189588,0.9617953304476647,0.931989453142724,0.9488877796119517,0.965510988358279,0.9536398411558349,0.9517283582608308,0.9280909466711987,0.9800040337582803,0.9703503237859727,0.9847770514527616,0.9701608110037012,0.9670114386469164,0.9693191664656868,0.9641867296663744,0.9577677470283013,0.9658711185453064,0.9359507030561425,0.9577398842227052,0.9675340013696405,0.9795599980524863,0.9712946319195348,0.9682490764748146,0.9683099920567139,0.9462683038304829,0.9488951057678057,0.9619066085014958,0.9516919269883164,0.9696361165744256,0.9695264912160928,0.9581276563218369,0.9643367766649273,0.9675830184256513,0.9761187298604665,0.9541430147667989,0.9565865335882711,0.9551214126349086,0.978113683587536,0.979233940297695,0.9583182090666198,0.9503834544285352,0.9634260283867009,0.9573630720325305,0.951968587747434,0.971940596636313,0.9700221103591675,0.9634478176829883,0.9620883367527369,0.9667160731651699,0.9732293865078999,0.973358195888203,0.923250582232283,0.9555204693254526,0.9433466368530626,0.9467968196830695,0.9741875961294002,0.9818040927477942,0.9508358655635989,0.9622585331121449,0.9664981755133857,0.9543653700455517,0.9768059616365012,0.9641402578083111,0.9604938139038595,0.9794098486172468,0.964427415540038,0.9699984909561701,0.9475960511192656,0.9492986065254854,0.9547370767864476,0.9611738871503597,0.9631097385016263,0.9572784346043592
AndreaMuzii_2,0.9705164082640185,0.9714406006754754,0.9815708016698053,0.9820021019565737,0.9749154178993199,0.9685784450335937,0.96925610746828,0.9455672868983669,0.90493021091626,0.9734311961184201,0.9534248308913629,0.9671084733166253,0.9662110237790913,0.9689220400353131,0.9750528535970415,0.9728761349416519,0.9764698073236817,0.9500594301930554,0.9703743847030386,0.9732910425567991,0.9714064292940143,0.9813394724187974,0.9775886204484132,0.9801803567820933,0.9691682671052813,0.9753728537793359,0.9532328254239508,0.9414106983073183,0.9702635825823709,0.9797415570296089,0.9707376858696511,0.9845520215925669,0.9778489454277492,0.9508182804172223,0.9458386906025644,0.9572598550926317,0.9821568391976923,0.9342500626214666,0.9774585367708887,0.9663720843248247,0.9468132436813355,0.9760807011092139,0.9729630596461982,0.9727024736185035,0.9781574296288991,0.9588203871629177,0.9623125299455486,0.9739417742676801,0.9741904624757292,0.9559702210833847,0.9851670049999837,0.9690241690004449,0.9690463626937644,0.9597691712946654,0.9773394614036384,0.9311555341926006,0.9745912266996845,0.9828692274764441,0.9750968308918602,0.9783334645881663,0.9804222876790983,0.9794982433016968,0.9645758125130848,0.9720039465398707,0.9694620433630254,0.9688085370018625,0.978582496220777,0.9832392376576603,0.9606134054934816,0.9746536654185304,0.9788610109122322,0.9789351877458057,0.9756597615288529,0.9582367394684912,0.9440931097132448,0.9590090079048916,0.9574030964196396,0.9314598508384041,0.955738090163735,0.9730554598507899,0.9761429716252537,0.9815734734363926,0.9738245737965717,0.9772570086410328,0.9605935415329425,0.9811971951517431,0.9747567702381461,0.976527861470992,0.9777211680186678,0.9693890979677224,0.9813138328391766,0.9641767661967651,0.9574703123143493,0.9575619008788352,0.9611829981055628,0.9712338556282352,0.9823744168218442,0.9802422551221112,0.9571580365152,0.9782188269409741,0.9764800652324723,0.9829831095199046,0.9753636718823038,0.9835942724413845,0.9737945509026062,0.9643495066453738,0.9590052778744793,0.9642910959344142,0.9736472669468039,0.9834911677505747,0.9604077645499915
Mary Sinatsaki_4,0.9579993498779312,0.9765682249262642,0.9806821953321891,0.9769751566202034,0.9775217126679222,0.9667868986526921,0.9759864308108148,0.9438403385082607,0.902344162163786,0.9723278899263943,0.9468500347292814,0.9603507339669866,0.9613092619329467,0.9707637709705587,0.9748779887767086,0.9730369476047699,0.9774176331503068,0.9487083285559301,0.9671164833282988,0.9648405873107829,0.9738896024918049,0.9864279194693455,0.977522902877741,0.9890053319562485,0.9797618476069248,0.9823776737607106,0.9601841838802385,0.9482009697822227,0.9703143985031899,0.9837044233512402,0.9781044610160674,0.9847701882273485,0.9790987195396773,0.9597002169720444,0.9473114759344609,0.9653249606418932,0.9796857833073864,0.947056456379622,0.9658538580756013,0.9675806977272795,0.942646239691234,0.9810857893107185,0.973190115320495,0.9799435900899187,0.9805928590750699,0.9687698066279957,0.9701460097977155,0.9724212034563045,0.9756904024161193,0.955608819242461,0.9775765037559752,0.9659549058792174,0.9670265681207463,0.9438067418999535,0.9847184844930807,0.9284346850592946,0.9810340037352143,0.9825591251050745,0.9735554889700426,0.987852501928528,0.9873054398166924,0.987937335944547,0.9826443777305877,0.9866854886718776,0.9805577011006728,0.9682799154989264,0.9864649233058342,0.9924960718975262,0.9713011126349931,0.9844501147969533,0.9787985222747702,0.9815595333212286,0.9653421468407681,0.9633648900098899,0.9271791731187402,0.9502772946934953,0.9657567578805568,0.9090216822522439,0.9682287438964149,0.9770584258646833,0.9732961075368822,0.9774040788469753,0.9775720338043341,0.9817069188319294,0.9774773798677117,0.9907563377568824,0.9737067815025263,0.9846985882340238,0.9849757186642881,0.9719232226210832,0.9734118557774223,0.9811655675897661,0.9547190246339724,0.9573391292882406,0.9564767959533207,0.9739698337198837,0.9911588657736495,0.9813319404973558,0.9691991964894047,0.9723721665479772,0.9724959923280315,0.9890872153118961,0.9670056709850273,0.988032059115628,0.9749754982576924,0.9753563117005646,0.9800254491782766,0.952767759797668,0.9699001408719856,0.9802163133297039,0.9568252263684185
Sissy Christidou_4,0.9755247953835677,0.9774771459341831,0.9857151990287463,0.9798598858860927,0.9855169262585723,0.9649182743360536,0.9597185944243243,0.940900319386371,0.9145476871964222,0.9878401473122878,0.9678503357492017,0.9783729955492977,0.9842567180221442,0.9708048861082611,0.9931793497281023,0.9893829955668183,0.9929710343135361,0.9597102391492134,0.9912081409993219,0.9755848694066422,0.962071546470953,0.9889752145035093,0.9943166450297409,0.9773667115167626,0.9788197803707863,0.9856307819201654,0.9551540492271806,0.9432497610468848,0.9890029643484957,0.989181750482522,0.982605832826749,0.9910193004855525,0.9848042843006182,0.9746116436309362,0.9659274141448129,0.970084385616543,0.989134732381036,0.9519960383824881,0.9832764842540174,0.9918968468302009,0.9554774394057262,0.9674504150438683,0.9893314596008416,0.9798037879749009,0.981628446502812,0.9603685454429596,0.957276980827052,0.9825196579891364,0.9898815131839245,0.9535805078623555,0.9823538563167644,0.9878949909404976,0.989344491559304,0.9587142407178743,0.9924037828037947,0.9363453332607377,0.9781496915887551,0.9888420570898675,0.9848252137046398,0.9883135628005077,0.9914272075615694,0.9942387653373883,0.9760445475339271,0.9807624883148478,0.988187333537385,0.989602351725905,0.9929218696170634,0.9859917882307776,0.9869440087826995,0.9846773996548797,0.9841165044816478,0.9906686989797291,0.9733962923330717,0.9697087645640572,0.9239640936448705,0.953922637008714,0.9519380025544721,0.9237358551314165,0.9697117860052309,0.9817809251510623,0.9677537469331134,0.9858139541194548,0.9923065745276334,0.9889014710855518,0.9782335615087536,0.9854728294689938,0.9927254060668911,0.9860823260895399,0.991597639208549,0.9609823767188679,0.9770371503223345,0.9587765267614663,0.9476434482058465,0.9487013152241046,0.959315603098171,0.9757643403863634,0.9828291618392224,0.9827557589641354,0.9709064315739961,0.9735657198377534,0.9626014994132237,0.979298448337433,0.9749298970280211,0.9915159619965535,0.988380530866847,0.9777848833020107,0.9719111357670297,0.9740979790054343,0.9934342075264132,0.9854755220457561,0.9670399105698659
DarioMoccia_3,0.9379478036689441,0.9647544759625974,0.9598256157661443,0.9533338129159434,0.9618678626538882,0.944232446814642,0.9555468327545212,0.9278649374280697,0.86750897147916,0.9399101780285519,0.9120365291534339,0.9355787898146477,0.932166552199889,0.9370573821020438,0.95517891077731,0.9465441965270689,0.9552287404998275,0.9237002965319052,0.9467339078510586,0.926257187182316,0.9655332601105233,0.9644903479725531,0.9545303566467946,0.9596023291799844,0.9376559310925351,0.9491891533374708,0.9596126114164183,0.9542502558039196,0.9690525289224455,0.959852683846618,0.9794585533005784,0.9683512703595756,0.9739728528160407,0.9617094320072104,0.9508030703334072,0.9619734144344543,0.9706595767669278,0.9515005934525738,0.9500593514791482,0.945781077343308,0.8825136587326787,0.9621663134468972,0.9552578968012051,0.9418734586209496,0.9585738521315632,0.9313977987250839,0.9357622561311802,0.9521272994852561,0.9418345608779322,0.9370403416408082,0.9295203612848086,0.9512899275169127,0.9553187064117665,0.904761902041185,0.9688496602180867,0.9341666135328828,0.9653929213017547,0.9639448681518845,0.9415509254867234,0.9639300547600154,0.9642058643264351,0.9616229613867279,0.9804575206790267,0.9783914963714457,0.967831495057344,0.9559152097457392,0.9591775293164255,0.9571046248095213,0.9593135697438806,0.9472775301030449,0.9665713634688425,0.9470292646113891,0.9599017234155303,0.9643077290521136,0.8960033513092449,0.9194821605940446,0.9247006475174266,0.8567680032096978,0.9712244513106734,0.9705378834989581,0.9549511407156401,0.960233800236538,0.9532538481665411,0.9597731516096876,0.9600409077930632,0.965595337782325,0.9610431639453688,0.9617474429826818,0.9585158170537602,0.9709383298253967,0.9672664018145953,0.9433012135820064,0.9549277905057267,0.9381572375591856,0.9352747128851406,0.97603156558107,0.9719077723456808,0.9624257051569334,0.9484480074073774,0.9314335919029599,0.9363298222728921,0.9658841437841603,0.9273458195072243,0.9661544038369264,0.9535112397647774,0.9753246247078079,0.9522064052079107,0.9097735930930563,0.9548323016719056,0.9712824381162285,0.9245229826707667
CoryxKenshin_3,0.96034531179009,0.9627302665008411,0.9738193404319562,0.9712534186156769,0.9768188580896686,0.9680363648288131,0.972662949527014,0.9549983842390509,0.9168883605172298,0.9767108100354092,0.9509981969670231,0.9648817282832661,0.951906216570602,0.9650206411120946,0.9683335811565172,0.975523970457896,0.9776508920200303,0.9310394496290215,0.9669555484853263,0.9703866586335925,0.9673824233336608,0.9838460198443477,0.9770384497808411,0.964675713597476,0.9692187802288736,0.9656268399458656,0.941727281460115,0.9482619422882397,0.9677957181680884,0.9788261991571008,0.9732413694651176,0.9785992232212101,0.9766469640536785,0.9467222797900403,0.9485466696835101,0.9525681673458879,0.9667570791463286,0.9570679041791355,0.9545648232280539,0.9708577606182706,0.9345025195603068,0.9777041861197235,0.9688244623266397,0.965338025205925,0.9619498973343,0.9452763442450097,0.9688894374182903,0.9727249656450275,0.9804568279683346,0.9579895545549545,0.9704413728854349,0.967801510738235,0.9668062993450817,0.9461750482135383,0.9804738978196097,0.9510968715241748,0.9775574496104189,0.979477804222648,0.975711635226924,0.9805575108542937,0.9795916136447489,0.9794665336422776,0.9686877205415235,0.9745764970447597,0.969894446562938,0.9640240225624477,0.9761674440024297,0.9793722817819414,0.9764187122568349,0.9761176770923086,0.9737490573588492,0.9812799052559944,0.9558775158404174,0.9696331830089808,0.9405303346030899,0.961407955738089,0.9662928972110665,0.9195616823496255,0.9713051574900793,0.9794098065883371,0.954478081187986,0.9709545944091535,0.9810870998702452,0.9813898872444904,0.9905977820294241,0.978185197539333,0.9769133427096932,0.9826195724584548,0.9796170199148355,0.9396333744759698,0.9634435553568923,0.9681311833095267,0.9453613749428196,0.9681262407817133,0.970002990932002,0.9684312237419472,0.9770023116938329,0.9771839580855969,0.9807401388117261,0.9729242159493562,0.9696064557142776,0.9683675666324367,0.9701111426173619,0.9775286683638267,0.9766582512521564,0.9721658573736404,0.9730382854213147,0.9423608358646571,0.9707385343580233,0.9690309829087187,0.9403175199424328
Prince Ea_2,0.960061144185723,0.9618175048355471,0.9594331446188928,0.9577737742954624,0.9659784710281498,0.9516951273044507,0.9418687391302958,0.9323044299488481,0.874887293659772,0.9511559777349146,0.94226856828422,0.9579049694764076,0.9519784936173113,0.9296629641016239,0.9568472597821516,0.9568708004112096,0.9610580686642637,0.9511489401541848,0.9635118765112729,0.9281105005884496,0.9310225342015086,0.9530165903271972,0.9566363579113341,0.9498075594056263,0.9454765706417925,0.9523797607149362,0.9713937659086707,0.9575217606596023,0.962879792864904,0.9469922197127507,0.9699222500960152,0.9573665525439761,0.9617807369469982,0.9594663167501959,0.9645648485936851,0.9511301427710547,0.9673322711602801,0.957983081908667,0.9539983191540988,0.951082164342308,0.8890230192031785,0.9535990212972674,0.9658044998156738,0.9384482890143232,0.9537029091337155,0.9215235144515985,0.9234492643065245,0.9550351604064475,0.9509072828549594,0.9493410089504923,0.9276181985883066,0.9668053246098238,0.9675155543302425,0.9077265033702935,0.9580627143760406,0.9370574161148322,0.949906172865776,0.9494887812062438,0.9517930449878048,0.9522386989418532,0.9547457768826109,0.9548928429466692,0.960077051745905,0.9574719782746139,0.9672798052781401,0.9592366696945143,0.9612661020158677,0.9469520558261157,0.9543907922840844,0.9407901536201242,0.9636765994987206,0.9517217134351413,0.9687058294035598,0.9691950264805946,0.89722242843071,0.9305905534426615,0.9213208642428563,0.8831210166386717,0.9641287821057166,0.9681779799630122,0.9717655562613011,0.9629576552843642,0.9502254881218055,0.9486915609423483,0.9476529609240957,0.9565759163643442,0.9574629671540686,0.9569729762499644,0.9508620101322989,0.9525558630188613,0.9526168796934802,0.9164911751266808,0.9691699314380139,0.9217763044591297,0.9286625399332897,0.9807743200751726,0.9575611055038902,0.9627717362977427,0.9425205940560012,0.9299059958334228,0.9269065039779697,0.9565351183760372,0.9431043131102778,0.9579390258802903,0.9574055234866231,0.949710106148675,0.936933984204136,0.9151183878193792,0.9599806146449821,0.9608723095105759,0.9430155926112977
TotalGaming093_2,0.9465870598794354,0.9653939441100403,0.9684785869154752,0.9790219674286718,0.9695897192490867,0.9718201132426454,0.9690019283759382,0.9354362092982187,0.9324366305911944,0.9777470149902068,0.9679831206253764,0.9650455671492508,0.9643107502681878,0.966292049383417,0.9694262784756187,0.9735559496367561,0.9731098890170964,0.9471478953568229,0.966067902469359,0.9654002731763931,0.9474806598076974,0.9653870296603437,0.9702767084412887,0.9691308152989844,0.9730272070302939,0.9669680532546336,0.9628947198246498,0.9445077544030449,0.9584764695018055,0.9715765612699707,0.9595241527646121,0.9703374661558146,0.967924581823276,0.9317597606093836,0.9373608325225802,0.9384133007909787,0.9628669686470014,0.9322195312323048,0.9609251474238208,0.9511603981231513,0.9299490280408387,0.9708143546259413,0.9625674809274356,0.9680449633854177,0.9694985249469392,0.9534338210045157,0.9713290769254421,0.9689107360976781,0.972990038519891,0.964257829555255,0.9802231072088229,0.967029026979812,0.9641252144642419,0.9721248670586438,0.963780865603689,0.9259088241594944,0.9540134735268295,0.966585242071301,0.9706049773797274,0.9687087324961322,0.9679371321927319,0.9723091865752468,0.9593731342187495,0.9627669811721309,0.963528147417994,0.9552180938261938,0.9718302165995969,0.9736080340202897,0.9555151683869215,0.9736451168147211,0.9698040286956355,0.9745356663159475,0.9701833754916962,0.9575240057832057,0.9538540086377205,0.9653483451813218,0.9762525562861307,0.9477183692961053,0.9476987122044749,0.965263902448784,0.9703522672984817,0.9696771711515968,0.972635176670423,0.97116243088936,0.9561012488451239,0.9647993224189972,0.9650725072800892,0.9639739278698326,0.9707634347946791,0.9572680173513032,0.9754378738934399,0.9571454294039923,0.9631339024578924,0.9720687670144832,0.9721153678643585,0.962801159916644,0.9730700430411275,0.9771688425742642,0.9442586505688197,0.9872267238624066,0.9883543491958873,0.9809067078890839,0.9756628729282718,0.9688382666831451,0.9610387948225871,0.9571989414758293,0.9586534536830764,0.9630841516435678,0.9618971363106699,0.9793416376198207,0.9674287982330678
Xureila_2,0.9498830070872823,0.9712673986384286,0.9745009054477647,0.9729102084927093,0.9712485459938052,0.9632862806826794,0.968972424402992,0.9329280744054204,0.902225416859326,0.9735877445895305,0.9508752379871501,0.9623299574802695,0.9651765853193925,0.9699674907301497,0.9762921148053072,0.9791159150744015,0.982012765637005,0.942098813505621,0.9702958299382142,0.9513780534534919,0.9591879288727679,0.9858343215206826,0.9791084680971484,0.9719013121925332,0.9763344715489716,0.9775225046030052,0.9510206375580866,0.9544871945855078,0.971246731328153,0.9790190805292558,0.9792885719350803,0.9776432932115903,0.975941563422335,0.9612828253957673,0.9520088026023469,0.9583961481785443,0.9743508001742811,0.9559907100206421,0.9576580094788711,0.9707116065710071,0.9314761696106431,0.9696382439426984,0.9697646127146431,0.9694015238105995,0.9746290776861009,0.9571564284293935,0.9635479833090292,0.9674499562388749,0.9794048791973724,0.9376090335415526,0.9675557711359386,0.9674472659861891,0.96763331780032,0.9437764962104358,0.9813092226464915,0.9254032699669359,0.9774606222365319,0.9761756552773415,0.9754241032133819,0.9852100633383745,0.9865637091761597,0.9835398769101846,0.982369843022137,0.9838880966499083,0.9827194426628639,0.9718971417980177,0.9832745563746861,0.9820464061270657,0.9752201200000097,0.9768879582943559,0.9801116335207711,0.9789547692286339,0.9554452975948582,0.9683144466549034,0.9105319608865198,0.9383511427180863,0.9571102798666831,0.8942734212063604,0.9688056844073685,0.9768574566290116,0.9602157242047662,0.9761550682292366,0.9810300273228105,0.982545457763025,0.9835218727609525,0.9878480478245633,0.9767474708902759,0.985378191064789,0.9891392906833453,0.9611204788272938,0.960110079059925,0.9827308521598327,0.9457197260822388,0.9600861546986936,0.9560039156573974,0.975527635408389,0.9828828107042489,0.9754681005235541,0.972352637811934,0.970539473879417,0.9564258828001218,0.9738528368325456,0.9657821491559822,0.9862393159439443,0.9788696556014234,0.9759904837943105,0.9939295583386885,0.9450236786453531,0.971101490751417,0.9755357393577471,0.942801602097143
MrRip_1,0.9767752902722602,0.9816933329056095,0.9888568271822005,0.9859786041841359,0.9890397394121019,0.9752641596303258,0.972451651638865,0.9478096626432504,0.8992889616414997,0.9828446097653581,0.9573274820378896,0.9750321233532392,0.9753653123607131,0.9687084478061381,0.9881654024158295,0.9859601022940474,0.9898428371197276,0.9557747930338235,0.9849474907527579,0.9680798540636097,0.9744431191989373,0.9916516451035164,0.9905133517526057,0.9835720134662439,0.974863651512637,0.9837000255209545,0.9632773735772271,0.9552388638691303,0.9900070230405115,0.9882059730075162,0.9902982121583529,0.9931646809442831,0.9924584499984623,0.9741760920164557,0.9699155121290055,0.9780747613298205,0.993472526497914,0.9572592666908227,0.9819153940329791,0.9821085263510785,0.9395061508292066,0.9796859644197145,0.9881237848007309,0.9777027529587472,0.9860366386600153,0.9620922481518386,0.9596337470809437,0.984050302685916,0.9832315981813853,0.9583137770309752,0.9771015365590477,0.9839382562874184,0.9858321040778059,0.9523802159807446,0.992330645772591,0.9391868493320485,0.985435171926853,0.9896932960517042,0.9825288423422247,0.9882332508549095,0.9930758696083464,0.9922551867808157,0.9836643768721192,0.9886657320300523,0.9893086087031174,0.9863759942697117,0.9908483473786176,0.9864729417353544,0.9847125129528037,0.9824657069784508,0.9923232327857245,0.9857139361022625,0.9829679120840353,0.9798013006683819,0.9265408881477957,0.9537746332917032,0.9567134360028647,0.911729077156671,0.9774057944671335,0.9887421888105972,0.9786563682894904,0.993138333881014,0.9871738177594442,0.9883775928770228,0.9793174782973537,0.9902879007920522,0.991646887005645,0.9878611973296876,0.990375759109783,0.9744700849195641,0.9866865128818929,0.9633732949832146,0.96259819527246,0.9538451750843358,0.9593821358078349,0.9896956305262945,0.9910360536634717,0.9862333000423303,0.9699920124368431,0.9733378109980295,0.9652486561811371,0.9885043567271122,0.9735254964323041,0.9924287169596755,0.985922105403939,0.982827573999727,0.9760602335822531,0.9620375184759127,0.9900220680434662,0.9920373153197706,0.9584617642012017
